Nama,Jenis_Kelamin,Umur,Status_Menikah,Kehadiran_Persen,Partisipasi_Diskusi,Nilai_Tugas,Aktivitas_ELearning,IPK,Status_Akademik
Mira Dewi,Laki-laki,24,Belum Menikah,95,77,83,64,3.57,Lulus
Fani Permana,Perempuan,22,Belum Menikah,78,74,92,79,3.42,Lulus
Umar Cahaya,Laki-laki,22,Belum Menikah,80,97,96,74,3.57,Lulus
Cindy Hidayat,Laki-laki,25,Belum Menikah,93,92,74,77,3.37,Lulus
Umar Utama,Laki-laki,24,Belum Menikah,89,75,77,84,3.25,Lulus
Nuri Nugroho,Perempuan,18,Belum Menikah,80,85,81,93,3.36,Lulus
Nuri Dewi,Laki-laki,25,Menikah,85,70,79,75,3.27,Lulus
Omar Sari,Laki-laki,20,Belum Menikah,71,84,74,92,3.16,Lulus
Nuri Rahman,Laki-laki,25,Menikah,65,90,87,97,3.38,Lulus
Umar Cahaya,Perempuan,19,Belum Menikah,83,80,88,69,3.32,Lulus
Tina Putra,Laki-laki,18,Belum Menikah,88,85,66,74,3.16,Lulus
Budi Putra,Laki-laki,19,Belum Menikah,92,72,75,86,3.34,Lulus
Andi Wardana,Laki-laki,24,Menikah,93,95,92,84,3.57,Lulus
Sari Hidayat,Laki-laki,23,Menikah,93,93,85,91,3.57,Lulus
Vina Nugroho,Perempuan,19,Belum Menikah,91,84,75,76,3.23,Lulus
Gita Sari,Laki-laki,20,Belum Menikah,80,85,84,89,3.33,Lulus
Rio Utama,Perempuan,25,Belum Menikah,77,94,74,91,3.21,Lulus
Budi Cahaya,Perempuan,23,Belum Menikah,79,87,73,76,3.19,Lulus
Nuri Utama,Perempuan,25,Menikah,81,82,96,93,3.58,Lulus
Indah Permana,Laki-laki,19,Belum Menikah,86,69,91,76,3.48,Lulus
Eka Fauzi,Perempuan,25,Belum Menikah,69,84,93,95,3.47,Lulus
Hadi Hidayat,Laki-laki,24,Belum Menikah,93,94,75,89,3.37,Lulus
Kiki Hidayat,Perempuan,23,Menikah,75,65,87,96,3.34,Lulus
Qori Santoso,Perempuan,24,Belum Menikah,78,66,77,90,3.27,Lulus
Omar Kusuma,Perempuan,19,Belum Menikah,84,79,80,71,3.27,Lulus
Yuni Wardana,Perempuan,24,Belum Menikah,83,79,80,98,3.45,Lulus
Lina Wardana,Perempuan,20,Belum Menikah,90,94,89,89,3.74,Lulus
Joko Utama,Perempuan,19,Belum Menikah,68,80,80,94,3.25,Lulus
Sari Utama,Perempuan,19,Belum Menikah,79,86,75,68,2.98,Lulus
Mira Permana,Perempuan,19,Menikah,95,87,84,69,3.49,Lulus
Yuni Nugroho,Laki-laki,18,Belum Menikah,72,87,80,88,3.2,Lulus
Rio Utama,Laki-laki,25,Menikah,78,91,90,61,3.5,Lulus
Putri Wardana,Perempuan,18,Menikah,84,87,76,89,3.36,Lulus
Gita Hakim,Perempuan,18,Belum Menikah,86,70,71,76,3.08,Lulus
Budi Ananda,Perempuan,20,Belum Menikah,82,80,83,90,3.45,Lulus
Eka Pratama,Laki-laki,23,Menikah,89,94,98,85,3.76,Lulus
Sari Septiani,Perempuan,25,Belum Menikah,85,92,77,87,3.22,Lulus
Lina Pratama,Laki-laki,24,Belum Menikah,70,85,84,69,3.25,Lulus
Fani Permana,Laki-laki,22,Belum Menikah,72,93,75,97,3.21,Lulus
Dian Septiani,Laki-laki,19,Belum Menikah,86,79,89,97,3.69,Lulus
Sari Utama,Laki-laki,24,Menikah,80,85,94,80,3.51,Lulus
Cindy Rahman,Laki-laki,19,Belum Menikah,91,79,94,89,3.79,Lulus
Putri Pratama,Perempuan,20,Belum Menikah,77,94,96,69,3.53,Lulus
Lina Santoso,Perempuan,19,Belum Menikah,91,80,90,85,3.67,Lulus
Andi Kusuma,Perempuan,18,Belum Menikah,86,88,84,82,3.41,Lulus
Mira Septiani,Perempuan,25,Belum Menikah,96,70,82,67,3.4,Lulus
Budi Nugroho,Perempuan,22,Belum Menikah,83,93,83,80,3.27,Lulus
Lina Wijaya,Laki-laki,21,Belum Menikah,90,78,86,84,3.49,Lulus
Indah Wardana,Perempuan,19,Belum Menikah,79,83,80,74,3.12,Lulus
Joko Utama,Perempuan,24,Belum Menikah,62,90,92,81,3.22,Lulus
Sari Sari,Laki-laki,18,Belum Menikah,82,95,71,94,3.21,Lulus
Zahra Cahaya,Perempuan,21,Menikah,76,85,70,92,3.2,Lulus
Indah Ananda,Laki-laki,22,Belum Menikah,79,79,91,77,3.41,Lulus
Wati Santoso,Perempuan,21,Belum Menikah,63,88,95,81,3.37,Lulus
Fani Santoso,Laki-laki,18,Menikah,90,92,86,87,3.55,Lulus
Eka Dewi,Perempuan,25,Belum Menikah,97,91,86,91,3.75,Lulus
Lina Putra,Perempuan,25,Belum Menikah,99,91,93,88,3.78,Lulus
Umar Hidayat,Laki-laki,23,Belum Menikah,85,79,87,89,3.51,Lulus
Kiki Fauzi,Laki-laki,25,Belum Menikah,78,93,85,76,3.31,Lulus
Mira Permana,Laki-laki,23,Belum Menikah,93,91,71,93,3.47,Lulus
Hadi Utama,Laki-laki,21,Belum Menikah,83,89,87,99,3.66,Lulus
Sari Hakim,Laki-laki,20,Belum Menikah,89,86,80,88,3.44,Lulus
Lina Utama,Laki-laki,24,Belum Menikah,81,88,97,82,3.56,Lulus
Joko Sari,Laki-laki,24,Belum Menikah,75,88,70,65,2.86,Lulus
Rio Hakim,Laki-laki,21,Belum Menikah,84,85,75,84,3.2,Lulus
Nuri Cahaya,Perempuan,19,Belum Menikah,90,68,77,63,3.02,Lulus
Putri Kusuma,Perempuan,19,Belum Menikah,83,66,70,84,3.03,Lulus
Rio Hakim,Laki-laki,25,Belum Menikah,88,89,92,66,3.55,Lulus
Putri Septiani,Perempuan,24,Menikah,90,71,86,93,3.52,Lulus
Tina Wardana,Perempuan,24,Belum Menikah,85,84,65,68,3.2,Lulus
Rio Pratama,Perempuan,23,Belum Menikah,91,91,83,84,3.48,Lulus
Wati Ananda,Perempuan,20,Belum Menikah,88,91,70,87,3.24,Lulus
Andi Rahman,Laki-laki,18,Belum Menikah,83,88,91,64,3.51,Lulus
Cindy Santoso,Perempuan,19,Belum Menikah,96,83,67,80,3.09,Lulus
Tina Pratama,Laki-laki,24,Menikah,67,77,88,98,3.23,Lulus
Hadi Putra,Perempuan,23,Menikah,76,99,79,68,3.27,Lulus
Gita Kusuma,Perempuan,22,Belum Menikah,89,90,77,75,3.32,Lulus
Umar Rahman,Perempuan,23,Menikah,97,98,83,83,3.58,Lulus
Putri Ananda,Laki-laki,19,Belum Menikah,81,74,95,80,3.44,Lulus
Dian Septiani,Perempuan,19,Belum Menikah,84,68,68,96,3.18,Lulus
Joko Permana,Laki-laki,23,Belum Menikah,73,80,75,91,3.1,Lulus
Indah Fauzi,Perempuan,18,Menikah,90,88,89,86,3.6,Lulus
Wati Utama,Laki-laki,21,Belum Menikah,91,88,86,62,3.33,Lulus
Kiki Wardana,Perempuan,19,Belum Menikah,90,77,64,83,3.1,Lulus
Budi Pratama,Laki-laki,23,Belum Menikah,86,92,84,90,3.67,Lulus
Kiki Utama,Laki-laki,24,Belum Menikah,92,77,85,83,3.46,Lulus
Cindy Cahaya,Perempuan,23,Belum Menikah,85,72,80,74,3.25,Lulus
Kiki Fauzi,Laki-laki,20,Belum Menikah,85,73,92,83,3.5,Lulus
Zahra Fauzi,Perempuan,21,Belum Menikah,86,84,81,83,3.4,Lulus
Sari Wijaya,Perempuan,22,Belum Menikah,86,82,94,72,3.57,Lulus
Eka Ananda,Perempuan,18,Belum Menikah,77,91,80,91,3.36,Lulus
Joko Permana,Perempuan,25,Belum Menikah,75,69,73,73,3.03,Lulus
Budi Santoso,Perempuan,22,Belum Menikah,68,77,90,83,3.3,Lulus
Budi Utama,Perempuan,21,Belum Menikah,73,83,87,74,3.3,Lulus
Mira Hidayat,Perempuan,21,Menikah,84,92,87,94,3.54,Lulus
Tina Kusuma,Perempuan,21,Belum Menikah,86,89,91,73,3.37,Lulus
Kiki Utama,Perempuan,22,Belum Menikah,67,94,82,70,3.36,Lulus
Fani Ananda,Perempuan,24,Belum Menikah,74,74,93,78,3.45,Lulus
Vina Wardana,Perempuan,21,Belum Menikah,77,94,76,74,3.11,Lulus
Vina Fauzi,Laki-laki,23,Belum Menikah,77,84,83,94,3.4,Lulus
Sari Wardana,Laki-laki,22,Belum Menikah,72,83,85,75,3.14,Lulus
Yuni Santoso,Perempuan,25,Belum Menikah,76,73,87,97,3.37,Lulus
Yuni Permana,Perempuan,21,Belum Menikah,79,97,63,80,2.91,Lulus
Tina Santoso,Perempuan,23,Belum Menikah,91,75,98,90,3.72,Lulus
Nuri Santoso,Perempuan,24,Belum Menikah,70,80,84,76,3.08,Lulus
Fani Dewi,Perempuan,20,Belum Menikah,86,79,81,94,3.46,Lulus
Umar Hakim,Perempuan,24,Belum Menikah,60,87,64,87,2.88,Lulus
Hadi Santoso,Perempuan,25,Belum Menikah,81,71,86,75,3.26,Lulus
Zahra Hidayat,Perempuan,21,Belum Menikah,94,94,59,96,3.23,Lulus
Fani Hidayat,Laki-laki,25,Belum Menikah,59,82,75,77,2.86,Lulus
Sari Putra,Perempuan,22,Belum Menikah,81,97,76,80,3.32,Lulus
Indah Cahaya,Laki-laki,19,Belum Menikah,92,83,77,88,3.36,Lulus
Dian Dewi,Perempuan,21,Belum Menikah,91,89,90,77,3.64,Lulus
Gita Putra,Perempuan,19,Belum Menikah,67,74,85,63,2.94,Lulus
Omar Cahaya,Laki-laki,23,Menikah,85,93,77,97,3.34,Lulus
Eka Sari,Perempuan,20,Menikah,82,97,68,74,3.03,Lulus
Fani Wardana,Laki-laki,18,Belum Menikah,70,51,70,68,2.82,Lulus
Joko Fauzi,Perempuan,25,Belum Menikah,73,85,91,89,3.49,Lulus
Omar Ananda,Perempuan,24,Belum Menikah,80,81,88,84,3.45,Lulus
Kiki Pratama,Laki-laki,20,Belum Menikah,87,72,78,82,3.26,Lulus
Cindy Utama,Perempuan,21,Belum Menikah,84,80,98,86,3.42,Lulus
Zahra Fauzi,Laki-laki,19,Belum Menikah,71,80,87,93,3.36,Lulus
Tina Utama,Perempuan,24,Belum Menikah,60,78,82,88,3.18,Lulus
Zahra Cahaya,Laki-laki,19,Belum Menikah,84,91,77,64,3.43,Lulus
Gita Ananda,Laki-laki,22,Belum Menikah,86,83,92,61,3.41,Lulus
Umar Ananda,Perempuan,19,Belum Menikah,93,95,80,92,3.49,Lulus
Mira Cahaya,Perempuan,22,Belum Menikah,64,81,89,100,3.38,Lulus
Wati Utama,Laki-laki,23,Belum Menikah,73,88,87,89,3.37,Lulus
Wati Santoso,Perempuan,24,Belum Menikah,90,70,90,80,3.62,Lulus
Tina Wardana,Perempuan,24,Belum Menikah,91,79,70,85,3.19,Lulus
Cindy Kusuma,Perempuan,18,Belum Menikah,96,71,78,82,3.37,Lulus
Dian Wijaya,Laki-laki,21,Menikah,65,83,74,86,3.11,Lulus
Omar Wijaya,Laki-laki,22,Belum Menikah,88,88,64,88,3.19,Lulus
Fani Sari,Laki-laki,18,Belum Menikah,86,80,91,83,3.63,Lulus
Sari Hakim,Laki-laki,19,Belum Menikah,95,68,77,80,3.31,Lulus
Andi Sari,Laki-laki,19,Belum Menikah,68,80,83,92,3.36,Lulus
Sari Septiani,Laki-laki,18,Belum Menikah,81,85,82,78,3.19,Lulus
Lina Hakim,Laki-laki,24,Belum Menikah,88,71,92,80,3.4,Lulus
Vina Septiani,Laki-laki,19,Belum Menikah,88,84,68,90,3.33,Lulus
Nuri Hakim,Laki-laki,25,Belum Menikah,80,69,73,93,3.18,Lulus
Tina Hakim,Perempuan,23,Belum Menikah,92,80,81,92,3.56,Lulus
Fani Ananda,Laki-laki,23,Belum Menikah,65,84,89,88,3.32,Lulus
Tina Dewi,Perempuan,25,Belum Menikah,66,76,90,89,3.32,Lulus
Budi Sari,Perempuan,18,Belum Menikah,86,89,77,78,3.2,Lulus
Indah Hakim,Perempuan,25,Belum Menikah,83,57,99,70,3.48,Lulus
Eka Wijaya,Laki-laki,22,Menikah,90,84,76,61,3.33,Lulus
Vina Cahaya,Laki-laki,22,Belum Menikah,84,80,73,91,3.26,Lulus
Hadi Wijaya,Laki-laki,18,Belum Menikah,77,89,97,85,3.64,Lulus
Rio Septiani,Laki-laki,25,Belum Menikah,94,89,91,76,3.67,Lulus
Andi Hidayat,Perempuan,22,Belum Menikah,82,87,92,88,3.48,Lulus
Rio Nugroho,Laki-laki,24,Belum Menikah,80,91,74,73,3.24,Lulus
Joko Santoso,Laki-laki,25,Belum Menikah,98,63,95,93,3.7,Lulus
Andi Putra,Laki-laki,24,Belum Menikah,70,75,79,53,2.94,Lulus
Eka Kusuma,Laki-laki,22,Belum Menikah,82,76,81,78,3.45,Lulus
Yuni Wardana,Laki-laki,23,Belum Menikah,88,94,83,98,3.61,Lulus
Gita Wardana,Perempuan,22,Belum Menikah,81,87,69,72,3.02,Lulus
Fani Cahaya,Laki-laki,24,Belum Menikah,76,67,97,98,3.57,Lulus
Eka Cahaya,Perempuan,20,Belum Menikah,90,86,89,67,3.49,Lulus
Rio Utama,Laki-laki,21,Belum Menikah,78,85,67,75,3.15,Lulus
Zahra Rahman,Perempuan,19,Belum Menikah,92,81,73,78,3.28,Lulus
Budi Wardana,Laki-laki,25,Belum Menikah,69,67,65,92,3.08,Lulus
Umar Santoso,Laki-laki,20,Menikah,86,74,78,80,3.18,Lulus
Lina Kusuma,Perempuan,22,Belum Menikah,77,95,91,66,3.4,Lulus
Budi Permana,Perempuan,23,Belum Menikah,87,98,74,96,3.34,Lulus
Omar Kusuma,Perempuan,18,Belum Menikah,92,81,84,87,3.48,Lulus
Dian Dewi,Laki-laki,22,Belum Menikah,81,85,69,87,3.12,Lulus
Gita Septiani,Perempuan,23,Belum Menikah,84,85,87,85,3.42,Lulus
Lina Pratama,Laki-laki,21,Belum Menikah,62,80,63,93,2.98,Lulus
Mira Cahaya,Laki-laki,22,Belum Menikah,68,78,90,56,3.28,Lulus
Nuri Dewi,Perempuan,24,Belum Menikah,88,69,97,87,3.67,Lulus
Mira Santoso,Perempuan,18,Belum Menikah,84,93,90,94,3.57,Lulus
Umar Putra,Laki-laki,23,Menikah,95,67,83,80,3.39,Lulus
Cindy Kusuma,Laki-laki,23,Belum Menikah,89,97,68,76,3.27,Lulus
Sari Putra,Perempuan,23,Belum Menikah,77,60,95,83,3.46,Lulus
Qori Septiani,Perempuan,21,Belum Menikah,80,96,97,66,3.53,Lulus
Gita Dewi,Perempuan,22,Menikah,83,77,80,74,3.3,Lulus
Lina Permana,Laki-laki,21,Belum Menikah,78,61,68,97,3.14,Lulus
Nuri Cahaya,Laki-laki,25,Belum Menikah,71,92,85,85,3.32,Lulus
Cindy Cahaya,Laki-laki,19,Menikah,87,85,88,69,3.38,Lulus
Sari Permana,Laki-laki,19,Menikah,90,85,87,72,3.37,Lulus
Hadi Hidayat,Laki-laki,25,Belum Menikah,96,86,94,90,3.78,Lulus
Sari Santoso,Laki-laki,22,Belum Menikah,86,82,70,94,3.43,Lulus
Nuri Nugroho,Perempuan,24,Belum Menikah,92,72,79,81,3.28,Lulus
Tina Rahman,Laki-laki,21,Belum Menikah,81,80,97,85,3.68,Lulus
Wati Rahman,Laki-laki,18,Menikah,80,83,75,89,3.19,Lulus
Cindy Cahaya,Laki-laki,23,Belum Menikah,95,65,76,95,3.36,Lulus
Cindy Fauzi,Perempuan,23,Belum Menikah,91,88,70,85,3.36,Lulus
Cindy Ananda,Laki-laki,22,Belum Menikah,89,78,91,98,3.63,Lulus
Rio Wijaya,Laki-laki,24,Belum Menikah,64,59,79,92,3.08,Lulus
Putri Nugroho,Perempuan,19,Belum Menikah,85,83,59,67,2.92,Lulus
Joko Wijaya,Laki-laki,19,Belum Menikah,93,81,95,88,3.66,Lulus
Dian Pratama,Laki-laki,23,Belum Menikah,91,72,79,92,3.49,Lulus
Eka Hakim,Laki-laki,22,Belum Menikah,88,75,85,86,3.45,Lulus
Zahra Hakim,Laki-laki,21,Belum Menikah,93,67,85,81,3.35,Lulus
Mira Hakim,Laki-laki,19,Belum Menikah,73,75,76,59,2.91,Lulus
Zahra Nugroho,Perempuan,21,Belum Menikah,83,66,95,80,3.25,Lulus
Mira Hidayat,Perempuan,24,Belum Menikah,93,78,94,80,3.65,Lulus
Yuni Santoso,Perempuan,19,Belum Menikah,93,76,80,85,3.53,Lulus
Umar Cahaya,Laki-laki,19,Belum Menikah,61,67,83,81,2.98,Lulus
Lina Fauzi,Laki-laki,20,Belum Menikah,59,94,83,90,3.24,Lulus
Umar Rahman,Laki-laki,19,Belum Menikah,76,75,84,62,3.21,Lulus
Indah Wijaya,Perempuan,25,Belum Menikah,84,96,82,98,3.45,Lulus
Lina Permana,Laki-laki,18,Belum Menikah,79,77,80,91,3.43,Lulus
Fani Wijaya,Laki-laki,25,Belum Menikah,80,92,87,96,3.5,Lulus
Vina Kusuma,Perempuan,22,Belum Menikah,79,91,92,79,3.66,Lulus
Yuni Fauzi,Laki-laki,22,Menikah,85,94,85,91,3.39,Lulus
Cindy Ananda,Perempuan,21,Belum Menikah,60,88,96,87,3.36,Lulus
Fani Rahman,Perempuan,25,Belum Menikah,91,79,79,80,3.36,Lulus
Tina Kusuma,Perempuan,25,Belum Menikah,81,90,93,76,3.51,Lulus
Yuni Ananda,Laki-laki,25,Belum Menikah,89,93,84,78,3.53,Lulus
Wati Rahman,Laki-laki,24,Belum Menikah,67,81,83,84,3.47,Lulus
Wati Wardana,Laki-laki,19,Belum Menikah,81,82,91,77,3.49,Lulus
Nuri Hidayat,Laki-laki,18,Belum Menikah,94,72,91,99,3.69,Lulus
Wati Wardana,Laki-laki,21,Belum Menikah,80,93,95,89,3.53,Lulus
Budi Dewi,Laki-laki,25,Belum Menikah,90,59,89,56,3.17,Lulus
Lina Sari,Laki-laki,25,Menikah,85,81,91,79,3.6,Lulus
Indah Nugroho,Perempuan,20,Belum Menikah,73,72,90,83,3.3,Lulus
Tina Fauzi,Laki-laki,21,Menikah,99,86,97,81,4.0,Lulus
Lina Cahaya,Perempuan,25,Belum Menikah,88,79,90,82,3.6,Lulus
Rio Nugroho,Laki-laki,21,Belum Menikah,97,74,87,68,3.52,Lulus
Omar Hidayat,Laki-laki,19,Menikah,73,80,78,88,3.23,Lulus
Kiki Cahaya,Laki-laki,20,Belum Menikah,71,80,80,87,3.24,Lulus
Rio Septiani,Perempuan,21,Belum Menikah,90,89,73,75,3.22,Lulus
Dian Wardana,Perempuan,18,Belum Menikah,89,87,84,89,3.37,Lulus
Dian Nugroho,Perempuan,18,Belum Menikah,83,94,65,82,3.07,Lulus
Wati Cahaya,Perempuan,22,Belum Menikah,92,77,93,91,3.67,Lulus
Nuri Hakim,Laki-laki,20,Belum Menikah,79,84,79,66,3.13,Lulus
Cindy Ananda,Perempuan,20,Belum Menikah,70,87,80,97,3.18,Lulus
Hadi Rahman,Laki-laki,22,Belum Menikah,70,73,63,70,2.71,Lulus
Vina Permana,Laki-laki,21,Belum Menikah,88,96,91,77,3.67,Lulus
Qori Nugroho,Perempuan,20,Belum Menikah,71,85,89,73,3.36,Lulus
Omar Cahaya,Perempuan,18,Belum Menikah,95,91,85,75,3.55,Lulus
Andi Hakim,Perempuan,18,Belum Menikah,89,84,84,85,3.53,Lulus
Joko Permana,Perempuan,25,Belum Menikah,92,57,90,55,3.26,Lulus
Joko Ananda,Perempuan,19,Belum Menikah,95,94,55,92,3.07,Lulus
Tina Fauzi,Perempuan,20,Menikah,84,78,82,88,3.41,Lulus
Vina Nugroho,Perempuan,21,Belum Menikah,77,95,93,72,3.39,Lulus
Indah Cahaya,Perempuan,22,Belum Menikah,70,84,67,71,2.9,Lulus
Nuri Dewi,Laki-laki,22,Belum Menikah,86,93,69,86,3.13,Lulus
Dian Sari,Perempuan,21,Belum Menikah,74,99,89,90,3.35,Lulus
Vina Putra,Perempuan,24,Belum Menikah,72,79,74,79,3.13,Lulus
Yuni Putra,Laki-laki,23,Belum Menikah,73,83,88,77,3.4,Lulus
Sari Cahaya,Perempuan,19,Belum Menikah,88,86,72,62,3.1,Lulus
Putri Dewi,Laki-laki,22,Belum Menikah,81,84,84,94,3.32,Lulus
Lina Nugroho,Laki-laki,20,Belum Menikah,80,71,78,84,3.05,Lulus
Dian Hidayat,Perempuan,19,Menikah,72,86,86,87,3.49,Lulus
Hadi Wijaya,Laki-laki,20,Belum Menikah,76,84,73,71,3.08,Lulus
Fani Cahaya,Laki-laki,24,Belum Menikah,90,86,89,76,3.48,Lulus
Dian Fauzi,Laki-laki,18,Menikah,66,95,71,95,3.07,Lulus
Eka Utama,Laki-laki,19,Belum Menikah,88,82,83,93,3.34,Lulus
Yuni Cahaya,Perempuan,25,Belum Menikah,93,75,76,72,3.34,Lulus
Rio Septiani,Laki-laki,22,Menikah,87,99,94,82,3.82,Lulus
Eka Wijaya,Perempuan,19,Belum Menikah,74,63,88,79,3.21,Lulus
Vina Utama,Laki-laki,19,Belum Menikah,86,92,79,85,3.59,Lulus
Nuri Hidayat,Laki-laki,19,Belum Menikah,75,84,97,77,3.49,Lulus
Fani Nugroho,Laki-laki,23,Belum Menikah,80,94,75,68,3.3,Lulus
Vina Hakim,Laki-laki,19,Belum Menikah,84,93,85,96,3.56,Lulus
Tina Utama,Perempuan,20,Belum Menikah,84,73,75,82,3.24,Lulus
Budi Septiani,Perempuan,18,Menikah,88,88,73,94,3.5,Lulus
Qori Wardana,Laki-laki,24,Belum Menikah,77,77,67,72,3.02,Lulus
Putri Utama,Laki-laki,21,Belum Menikah,74,65,98,94,3.56,Lulus
Hadi Pratama,Perempuan,19,Belum Menikah,94,71,84,86,3.34,Lulus
Qori Utama,Laki-laki,22,Belum Menikah,86,86,75,81,3.16,Lulus
Wati Rahman,Laki-laki,19,Belum Menikah,91,91,83,89,3.57,Lulus
Hadi Septiani,Laki-laki,22,Belum Menikah,92,88,83,78,3.59,Lulus
Hadi Rahman,Perempuan,20,Belum Menikah,67,76,95,95,3.46,Lulus
Wati Cahaya,Perempuan,22,Belum Menikah,92,70,66,89,3.14,Lulus
Joko Wardana,Perempuan,25,Menikah,83,72,78,78,3.08,Lulus
Andi Sari,Laki-laki,21,Belum Menikah,95,90,80,83,3.43,Lulus
Mira Pratama,Laki-laki,18,Belum Menikah,77,97,91,85,3.52,Lulus
Sari Cahaya,Perempuan,22,Belum Menikah,100,94,63,82,3.2,Lulus
Eka Fauzi,Perempuan,22,Belum Menikah,83,92,88,97,3.5,Lulus
Vina Utama,Perempuan,18,Belum Menikah,78,84,97,95,3.63,Lulus
Cindy Rahman,Perempuan,21,Belum Menikah,89,98,66,96,3.41,Lulus
Cindy Hidayat,Laki-laki,19,Belum Menikah,75,68,95,87,3.52,Lulus
Indah Septiani,Perempuan,22,Belum Menikah,69,88,98,83,3.52,Lulus
Fani Fauzi,Laki-laki,18,Belum Menikah,92,92,81,66,3.4,Lulus
Umar Permana,Perempuan,25,Belum Menikah,88,69,96,75,3.6,Lulus
Fani Rahman,Laki-laki,25,Belum Menikah,75,83,93,85,3.46,Lulus
Qori Fauzi,Perempuan,20,Belum Menikah,95,82,88,90,3.6,Lulus
Omar Dewi,Perempuan,18,Belum Menikah,89,81,91,80,3.62,Lulus
Umar Wardana,Perempuan,20,Belum Menikah,69,71,67,90,2.93,Lulus
Yuni Sari,Perempuan,25,Belum Menikah,91,96,75,82,3.29,Lulus
Gita Wijaya,Laki-laki,21,Belum Menikah,89,81,91,81,3.68,Lulus
Zahra Putra,Perempuan,19,Belum Menikah,94,76,70,72,3.05,Lulus
Eka Putra,Laki-laki,18,Menikah,81,79,76,94,3.41,Lulus
Qori Hakim,Laki-laki,24,Belum Menikah,80,83,77,81,3.28,Lulus
Wati Cahaya,Laki-laki,25,Belum Menikah,85,90,91,86,3.5,Lulus
Dian Hakim,Laki-laki,25,Belum Menikah,76,91,93,71,3.44,Lulus
Mira Permana,Perempuan,24,Menikah,83,93,89,83,3.49,Lulus
Eka Nugroho,Laki-laki,23,Belum Menikah,81,98,59,70,3.0,Lulus
Gita Cahaya,Laki-laki,25,Belum Menikah,83,89,84,92,3.54,Lulus
Mira Nugroho,Laki-laki,22,Belum Menikah,86,96,83,90,3.54,Lulus
Lina Sari,Perempuan,21,Belum Menikah,75,80,98,76,3.55,Lulus
Putri Septiani,Perempuan,18,Belum Menikah,97,82,87,74,3.54,Lulus
Wati Pratama,Perempuan,24,Menikah,93,83,88,100,3.81,Lulus
Omar Pratama,Perempuan,22,Menikah,85,90,83,79,3.51,Lulus
Gita Utama,Laki-laki,24,Belum Menikah,67,74,93,89,3.33,Lulus
Nuri Utama,Laki-laki,18,Belum Menikah,92,92,88,92,3.71,Lulus
Sari Permana,Perempuan,20,Menikah,76,80,83,77,3.32,Lulus
Tina Rahman,Laki-laki,18,Belum Menikah,98,82,90,96,3.71,Lulus
Hadi Sari,Laki-laki,23,Belum Menikah,82,77,86,76,3.33,Lulus
Tina Utama,Laki-laki,18,Belum Menikah,75,78,97,81,3.6,Lulus
Rio Cahaya,Perempuan,18,Belum Menikah,80,81,90,85,3.47,Lulus
Tina Kusuma,Perempuan,23,Belum Menikah,82,86,80,79,3.33,Lulus
Hadi Fauzi,Laki-laki,21,Belum Menikah,83,60,90,96,3.6,Lulus
Rio Septiani,Perempuan,25,Menikah,75,84,77,68,3.31,Lulus
Indah Dewi,Perempuan,18,Menikah,87,93,81,83,3.39,Lulus
Qori Sari,Perempuan,23,Belum Menikah,87,78,93,97,3.63,Lulus
Indah Wijaya,Perempuan,22,Belum Menikah,68,94,89,76,3.32,Lulus
Budi Santoso,Perempuan,20,Menikah,90,89,82,91,3.52,Lulus
Nuri Santoso,Laki-laki,20,Belum Menikah,79,94,72,65,3.12,Lulus
Budi Putra,Perempuan,18,Belum Menikah,75,74,87,70,3.22,Lulus
Rio Permana,Laki-laki,21,Menikah,83,84,81,88,3.28,Lulus
Tina Ananda,Laki-laki,21,Menikah,86,65,79,73,3.37,Lulus
Qori Putra,Perempuan,22,Belum Menikah,61,77,96,83,3.38,Lulus
Nuri Putra,Laki-laki,18,Belum Menikah,96,92,69,81,3.28,Lulus
Eka Nugroho,Laki-laki,20,Belum Menikah,74,67,77,97,3.23,Lulus
Hadi Ananda,Laki-laki,21,Belum Menikah,83,86,95,81,3.73,Lulus
Hadi Dewi,Perempuan,18,Belum Menikah,81,71,77,84,3.16,Lulus
Rio Pratama,Perempuan,24,Belum Menikah,89,65,73,90,3.27,Lulus
Qori Cahaya,Laki-laki,21,Belum Menikah,90,91,78,79,3.27,Lulus
Umar Wardana,Perempuan,23,Belum Menikah,86,87,93,89,3.62,Lulus
Hadi Kusuma,Perempuan,24,Belum Menikah,59,66,86,97,3.23,Lulus
Qori Utama,Perempuan,25,Belum Menikah,67,69,78,74,2.92,Lulus
Eka Dewi,Perempuan,21,Menikah,87,86,85,85,3.47,Lulus
Indah Kusuma,Laki-laki,20,Belum Menikah,81,91,94,75,3.59,Lulus
Budi Pratama,Laki-laki,19,Belum Menikah,85,74,78,59,3.2,Lulus
Qori Permana,Perempuan,24,Belum Menikah,87,90,76,79,3.22,Lulus
Nuri Permana,Perempuan,25,Belum Menikah,89,87,88,94,3.64,Lulus
Fani Pratama,Laki-laki,22,Belum Menikah,91,81,81,86,3.49,Lulus
Andi Nugroho,Laki-laki,22,Belum Menikah,81,92,74,66,3.15,Lulus
Dian Wijaya,Perempuan,20,Belum Menikah,81,73,80,93,3.42,Lulus
Qori Utama,Laki-laki,21,Belum Menikah,80,81,73,95,3.19,Lulus
Hadi Kusuma,Perempuan,18,Belum Menikah,85,78,88,79,3.48,Lulus
Rio Nugroho,Perempuan,21,Belum Menikah,90,83,86,67,3.33,Lulus
Joko Putra,Laki-laki,20,Menikah,88,79,96,78,3.48,Lulus
Lina Nugroho,Laki-laki,22,Belum Menikah,97,69,92,91,3.74,Lulus
Lina Fauzi,Perempuan,21,Belum Menikah,79,86,75,77,3.18,Lulus
Tina Wijaya,Perempuan,22,Belum Menikah,97,97,71,89,3.39,Lulus
Cindy Hakim,Laki-laki,24,Belum Menikah,71,87,72,93,3.05,Lulus
Indah Hidayat,Perempuan,25,Belum Menikah,77,88,80,89,3.38,Lulus
Andi Ananda,Laki-laki,18,Belum Menikah,63,85,92,86,3.21,Lulus
Qori Santoso,Perempuan,24,Menikah,73,95,98,91,3.69,Lulus
Omar Putra,Laki-laki,22,Belum Menikah,89,96,84,68,3.47,Lulus
Wati Cahaya,Laki-laki,22,Belum Menikah,82,84,73,64,2.98,Lulus
Gita Cahaya,Laki-laki,19,Belum Menikah,90,82,89,80,3.55,Lulus
Hadi Ananda,Perempuan,19,Menikah,84,86,92,84,3.77,Lulus
Rio Santoso,Perempuan,24,Belum Menikah,68,72,95,86,3.49,Lulus
Omar Fauzi,Laki-laki,23,Belum Menikah,81,73,82,90,3.28,Lulus
Vina Pratama,Perempuan,24,Belum Menikah,94,92,59,83,3.19,Lulus
Omar Pratama,Laki-laki,19,Belum Menikah,84,87,57,68,2.76,Lulus
Omar Rahman,Laki-laki,22,Belum Menikah,84,76,73,90,3.13,Lulus
Andi Permana,Perempuan,20,Menikah,87,82,82,77,3.37,Lulus
Putri Wijaya,Perempuan,24,Belum Menikah,66,69,94,79,3.35,Lulus
Umar Wardana,Laki-laki,22,Belum Menikah,79,83,77,65,3.2,Lulus
Hadi Utama,Perempuan,20,Belum Menikah,83,72,94,73,3.54,Lulus
Putri Rahman,Perempuan,20,Belum Menikah,77,85,89,74,3.41,Lulus
Joko Ananda,Laki-laki,19,Belum Menikah,79,82,78,69,3.04,Lulus
Eka Hakim,Laki-laki,24,Belum Menikah,92,93,90,70,3.56,Lulus
Tina Wardana,Perempuan,21,Belum Menikah,68,92,86,91,3.42,Lulus
Nuri Permana,Laki-laki,18,Belum Menikah,95,94,93,85,3.77,Lulus
Cindy Hakim,Laki-laki,19,Belum Menikah,95,79,85,77,3.52,Lulus
Tina Utama,Perempuan,19,Belum Menikah,93,90,89,77,3.61,Lulus
Lina Kusuma,Laki-laki,21,Belum Menikah,61,86,66,90,2.92,Lulus
Budi Wardana,Laki-laki,18,Belum Menikah,76,85,92,74,3.26,Lulus
Joko Utama,Perempuan,22,Belum Menikah,93,75,85,86,3.61,Lulus
Vina Wijaya,Perempuan,23,Belum Menikah,92,81,90,92,3.63,Lulus
Yuni Santoso,Laki-laki,24,Menikah,88,89,75,95,3.45,Lulus
Zahra Santoso,Laki-laki,23,Menikah,79,98,93,73,3.32,Lulus
Budi Hakim,Perempuan,22,Belum Menikah,82,83,67,76,3.19,Lulus
Joko Septiani,Perempuan,25,Belum Menikah,83,93,80,88,3.31,Lulus
Vina Cahaya,Perempuan,19,Belum Menikah,71,87,94,91,3.7,Lulus
Cindy Septiani,Perempuan,18,Belum Menikah,85,88,92,81,3.73,Lulus
Hadi Sari,Laki-laki,19,Belum Menikah,83,77,73,62,2.97,Lulus
Yuni Putra,Perempuan,20,Belum Menikah,83,77,80,82,3.37,Lulus
Rio Dewi,Perempuan,19,Belum Menikah,96,84,88,75,3.49,Lulus
Fani Santoso,Laki-laki,19,Belum Menikah,82,85,96,91,3.59,Lulus
Omar Hidayat,Perempuan,22,Belum Menikah,83,75,93,96,3.54,Lulus
Eka Sari,Laki-laki,22,Belum Menikah,86,78,89,79,3.51,Lulus
Indah Sari,Perempuan,22,Belum Menikah,77,98,84,78,3.39,Lulus
Indah Ananda,Perempuan,23,Belum Menikah,92,95,69,84,3.2,Lulus
Dian Rahman,Perempuan,20,Belum Menikah,89,61,66,91,3.16,Lulus
Yuni Permana,Laki-laki,25,Belum Menikah,94,68,76,80,3.3,Lulus
Indah Wijaya,Laki-laki,25,Belum Menikah,87,72,79,95,3.24,Lulus
Qori Septiani,Perempuan,22,Belum Menikah,98,89,77,73,3.38,Lulus
Yuni Sari,Laki-laki,18,Belum Menikah,97,80,72,85,3.49,Lulus
Indah Fauzi,Laki-laki,23,Belum Menikah,87,69,63,94,3.07,Lulus
Cindy Hakim,Laki-laki,21,Belum Menikah,97,75,73,83,3.2,Lulus
Umar Pratama,Laki-laki,18,Belum Menikah,85,76,99,81,3.7,Lulus
Omar Ananda,Laki-laki,24,Belum Menikah,76,89,89,67,3.26,Lulus
Andi Permana,Laki-laki,24,Menikah,68,82,65,92,2.97,Lulus
Tina Rahman,Perempuan,18,Belum Menikah,91,62,95,89,3.61,Lulus
Budi Putra,Perempuan,22,Belum Menikah,89,82,73,79,3.4,Lulus
Andi Santoso,Laki-laki,21,Belum Menikah,94,85,68,99,3.34,Lulus
Dian Hidayat,Perempuan,21,Belum Menikah,91,99,57,89,3.04,Lulus
Tina Dewi,Perempuan,23,Belum Menikah,68,88,95,83,3.4,Lulus
Wati Septiani,Perempuan,21,Menikah,76,78,91,85,3.33,Lulus
Rio Wardana,Perempuan,24,Belum Menikah,89,91,84,88,3.51,Lulus
Zahra Wijaya,Laki-laki,20,Belum Menikah,98,80,94,78,3.83,Lulus
Vina Cahaya,Perempuan,22,Belum Menikah,98,85,73,69,3.41,Lulus
Budi Nugroho,Perempuan,21,Belum Menikah,88,87,80,92,3.62,Lulus
Tina Hidayat,Laki-laki,23,Belum Menikah,82,86,87,83,3.49,Lulus
Vina Hidayat,Laki-laki,24,Belum Menikah,71,85,87,74,3.28,Lulus
Budi Sari,Perempuan,20,Belum Menikah,84,66,78,83,3.17,Lulus
Cindy Wardana,Perempuan,19,Menikah,77,75,95,70,3.44,Lulus
Yuni Pratama,Perempuan,19,Belum Menikah,97,86,76,93,3.48,Lulus
Mira Sari,Perempuan,20,Belum Menikah,76,67,96,94,3.59,Lulus
Zahra Pratama,Perempuan,24,Belum Menikah,80,57,93,89,3.36,Lulus
Omar Utama,Perempuan,23,Belum Menikah,96,75,91,75,3.59,Lulus
Joko Sari,Laki-laki,20,Belum Menikah,67,93,62,78,2.72,Lulus
Indah Hidayat,Perempuan,22,Belum Menikah,90,81,74,91,3.38,Lulus
Tina Putra,Perempuan,22,Belum Menikah,80,71,73,90,3.23,Lulus
Nuri Santoso,Laki-laki,19,Belum Menikah,89,94,78,97,3.36,Lulus
Tina Permana,Laki-laki,21,Belum Menikah,95,66,86,85,3.41,Lulus
Lina Kusuma,Laki-laki,23,Belum Menikah,80,90,72,82,3.08,Lulus
Mira Wijaya,Laki-laki,19,Belum Menikah,77,82,70,81,3.07,Lulus
Tina Sari,Perempuan,21,Menikah,67,64,79,80,2.93,Lulus
Zahra Dewi,Perempuan,21,Belum Menikah,91,84,75,72,3.39,Lulus
Qori Septiani,Perempuan,25,Belum Menikah,74,77,85,84,3.33,Lulus
Wati Ananda,Perempuan,22,Menikah,97,81,55,89,3.14,Lulus
Putri Rahman,Perempuan,24,Belum Menikah,80,85,89,85,3.34,Lulus
Putri Fauzi,Perempuan,18,Menikah,89,84,88,76,3.6,Lulus
Tina Pratama,Laki-laki,24,Belum Menikah,66,90,80,78,3.19,Lulus
Indah Cahaya,Perempuan,18,Belum Menikah,84,81,88,91,3.46,Lulus
Mira Ananda,Laki-laki,20,Belum Menikah,91,98,90,78,3.49,Lulus
Tina Septiani,Laki-laki,22,Belum Menikah,80,79,89,82,3.42,Lulus
Qori Sari,Perempuan,21,Belum Menikah,78,91,93,87,3.51,Lulus
Fani Septiani,Laki-laki,23,Belum Menikah,81,90,83,85,3.36,Lulus
Qori Cahaya,Perempuan,18,Belum Menikah,78,80,82,95,3.31,Lulus
Dian Cahaya,Laki-laki,24,Belum Menikah,86,74,74,93,3.35,Lulus
Nuri Fauzi,Perempuan,21,Belum Menikah,84,93,53,81,2.7,Lulus
Yuni Santoso,Laki-laki,18,Menikah,57,90,94,80,3.4,Lulus
Cindy Kusuma,Perempuan,18,Belum Menikah,90,81,77,81,3.42,Lulus
Tina Ananda,Perempuan,25,Belum Menikah,84,80,92,87,3.57,Lulus
Mira Utama,Perempuan,18,Belum Menikah,88,86,80,82,3.38,Lulus
Umar Nugroho,Perempuan,23,Belum Menikah,81,89,93,89,3.67,Lulus
Kiki Ananda,Perempuan,22,Menikah,91,80,77,89,3.39,Lulus
Indah Hakim,Laki-laki,23,Belum Menikah,66,90,88,86,3.3,Lulus
Sari Wijaya,Laki-laki,19,Belum Menikah,96,85,83,85,3.64,Lulus
Rio Permana,Laki-laki,21,Belum Menikah,88,94,79,83,3.58,Lulus
Vina Wijaya,Perempuan,22,Belum Menikah,78,90,77,76,3.13,Lulus
Qori Fauzi,Laki-laki,25,Belum Menikah,79,100,72,84,3.26,Lulus
Tina Cahaya,Perempuan,22,Belum Menikah,86,88,83,67,3.26,Lulus
Dian Cahaya,Perempuan,22,Belum Menikah,91,98,89,94,3.73,Lulus
Vina Permana,Laki-laki,24,Belum Menikah,82,79,98,79,3.52,Lulus
Vina Wijaya,Laki-laki,22,Belum Menikah,95,94,76,94,3.6,Lulus
Indah Sari,Perempuan,25,Menikah,85,97,70,73,3.17,Lulus
Wati Fauzi,Laki-laki,23,Menikah,84,73,63,82,3.01,Lulus
Wati Kusuma,Perempuan,22,Belum Menikah,67,89,71,82,3.14,Lulus
Budi Rahman,Perempuan,20,Belum Menikah,95,60,82,77,3.32,Lulus
Wati Permana,Perempuan,21,Belum Menikah,87,87,81,95,3.53,Lulus
Cindy Sari,Perempuan,22,Belum Menikah,84,91,86,77,3.39,Lulus
Gita Santoso,Perempuan,21,Menikah,80,74,71,78,3.18,Lulus
Wati Hidayat,Laki-laki,20,Belum Menikah,68,75,87,81,3.38,Lulus
Qori Santoso,Laki-laki,20,Belum Menikah,91,83,86,89,3.53,Lulus
Wati Septiani,Perempuan,21,Belum Menikah,86,89,74,87,3.14,Lulus
Putri Nugroho,Perempuan,18,Belum Menikah,76,71,76,76,3.05,Lulus
Budi Utama,Laki-laki,19,Belum Menikah,82,80,58,81,3.11,Lulus
Andi Utama,Laki-laki,24,Belum Menikah,79,70,92,94,3.45,Lulus
Hadi Fauzi,Perempuan,18,Belum Menikah,86,97,79,87,3.57,Lulus
Yuni Cahaya,Laki-laki,18,Belum Menikah,90,84,87,81,3.47,Lulus
Putri Wardana,Perempuan,23,Belum Menikah,78,76,80,82,3.19,Lulus
Qori Hakim,Laki-laki,24,Belum Menikah,83,92,85,87,3.53,Lulus
Joko Rahman,Perempuan,24,Belum Menikah,95,81,90,75,3.63,Lulus
Hadi Septiani,Laki-laki,18,Belum Menikah,79,94,83,81,3.44,Lulus
Budi Ananda,Perempuan,22,Belum Menikah,71,72,86,63,3.14,Lulus
Dian Hakim,Laki-laki,23,Belum Menikah,79,85,92,77,3.55,Lulus
Rio Sari,Laki-laki,23,Belum Menikah,68,89,85,96,3.42,Lulus
Tina Santoso,Perempuan,20,Belum Menikah,95,92,75,71,3.44,Lulus
Gita Ananda,Laki-laki,25,Belum Menikah,72,87,70,49,2.8,Lulus
Omar Hakim,Perempuan,24,Menikah,97,76,80,66,3.45,Lulus
Andi Utama,Laki-laki,18,Belum Menikah,68,88,71,69,2.9,Lulus
Zahra Nugroho,Perempuan,20,Belum Menikah,85,71,88,83,3.43,Lulus
Eka Santoso,Laki-laki,21,Belum Menikah,85,84,57,64,2.84,Lulus
Fani Wardana,Perempuan,19,Belum Menikah,88,83,74,70,3.13,Lulus
Gita Sari,Laki-laki,25,Belum Menikah,87,71,86,92,3.34,Lulus
Indah Septiani,Perempuan,25,Belum Menikah,82,97,84,89,3.57,Lulus
Tina Permana,Laki-laki,25,Belum Menikah,80,65,87,79,3.27,Lulus
Putri Dewi,Perempuan,23,Belum Menikah,90,89,65,67,3.07,Lulus
Omar Hidayat,Perempuan,21,Belum Menikah,89,95,87,87,3.52,Lulus
Rio Putra,Perempuan,25,Belum Menikah,81,81,71,93,3.19,Lulus
Omar Dewi,Laki-laki,21,Belum Menikah,93,83,88,94,3.6,Lulus
Sari Rahman,Perempuan,22,Belum Menikah,85,85,77,82,3.41,Lulus
Dian Fauzi,Laki-laki,25,Belum Menikah,82,93,76,90,3.28,Lulus
Joko Pratama,Perempuan,19,Belum Menikah,92,97,82,76,3.62,Lulus
Andi Hakim,Laki-laki,21,Belum Menikah,90,71,89,77,3.57,Lulus
Wati Cahaya,Perempuan,21,Belum Menikah,81,99,77,90,3.32,Lulus
Omar Permana,Laki-laki,19,Belum Menikah,73,91,66,90,3.08,Lulus
Gita Wardana,Laki-laki,25,Belum Menikah,89,90,83,79,3.5,Lulus
Yuni Sari,Perempuan,19,Belum Menikah,92,80,80,69,3.41,Lulus
Cindy Pratama,Laki-laki,21,Belum Menikah,92,84,82,89,3.58,Lulus
Zahra Utama,Laki-laki,19,Belum Menikah,73,90,99,90,3.62,Lulus
Tina Permana,Perempuan,21,Belum Menikah,86,67,86,90,3.37,Lulus
Cindy Sari,Laki-laki,21,Belum Menikah,62,85,87,61,3.15,Lulus
Gita Hidayat,Laki-laki,22,Belum Menikah,74,90,57,98,2.93,Lulus
Cindy Utama,Laki-laki,18,Menikah,91,84,94,90,3.47,Lulus
Omar Permana,Perempuan,21,Belum Menikah,97,95,76,88,3.53,Lulus
Dian Putra,Laki-laki,25,Menikah,90,61,89,92,3.47,Lulus
Umar Septiani,Perempuan,20,Belum Menikah,84,98,75,92,3.33,Lulus
